ranking,lon,lat,company,industry,state,city
1,-94.2088,36.3729,Walmart,General Merchandisers,AR,Bentonville
2,-96.9489,32.814,Exxon Mobil,Petroleum Refining,TX,Irving
3,-121.978,37.7799,Chevron,Petroleum Refining,CA,San Ramon
4,-95.998,41.2524,Berkshire Hathaway,Insurance: Property and Casualty (Stock),NE,Omaha
5,-122.032,37.323,Apple,Computers  Office Equipment,CA,Cupertino
6,-83.0458,42.3314,General Motors,Motor Vehicles and Parts,MI,Detroit
7,-95.3698,29.7604,Phillips 66,Petroleum Refining,TX,Houston
8,-73.2613,41.1408,General Electric,Diversified Financials,CT,Fairfield
9,-83.1763,42.3223,Ford Motor,Motor Vehicles and Parts,MI,Dearborn
10,-71.5148,42.0029,CVS Health,Food and Drug Stores,RI,Woonsocket
11,-122.419,37.7749,McKesson,Wholesalers: Health Care,CA,San Francisco
12,-96.797,32.7767,AT&T,Telecommunications,TX,Dallas
13,-98.4936,29.4241,Valero Energy,Petroleum Refining,TX,San Antonio
14,-93.4687,44.9212,UnitedHealth Group,Health Care: Insurance and Managed Care,MN,Minnetonka
15,-74.0059,40.7128,Verizon,Telecommunications,NY,New York
16,-75.4591,40.0757,AmerisourceBergen,Wholesalers: Health Care,PA,Chesterbrook
17,-77.0369,38.9072,Fannie Mae,Diversified Financials,DC,Washington
18,-122.033,47.5301,Costco,Specialty Retailers: Other,WA,Issaquah
19,-122.143,37.4419,HP,Computers  Office Equipment,CA,Palo Alto
20,-84.512,39.1031,Kroger,Food and Drug Stores,OH,Cincinnati
21,-74.0059,40.7128,JP Morgan Chase,Commercial Banks,NY,New York
22,-90.1994,38.627,Express Scripts Holding,Health Care: Pharmacy and Other Services,MO,St. Louis
23,-80.8431,35.2271,Bank of America Corp.,Commercial Banks,NC,Charlotte
24,-73.714,41.1265,IBM,Information Technology Services,NY,Armonk
25,-83.6499,41.0442,Marathon Petroleum,Petroleum Refining,OH,Findlay
26,-83.1141,40.0992,Cardinal Health,Wholesalers: Health Care,OH,Dublin
27,-87.6298,41.8781,Boeing,Aerospace and Defense,IL,Chicago
28,-74.0059,40.7128,Citigroup,Commercial Banks,NY,New York
29,-122.332,47.6062,Amazon.com,Internet Services and Retailing,WA,Seattle
30,-122.419,37.7749,Wells Fargo,Commercial Banks,CA,San Francisco
31,-122.122,47.674,Microsoft,Computer Software,WA,Redmond
32,-84.512,39.1031,Procter & Gamble,Household and Personal Products,OH,Cincinnati
33,-84.388,33.749,Home Depot,Specialty Retailers: Other,GA,Atlanta
34,-87.6298,41.8781,Archer Daniels Midland,Food Production,IL,Chicago
35,-87.8445,42.1711,Walgreens,Food and Drug Stores,IL,Deerfield
36,-93.265,44.9778,Target,General Merchandisers,MN,Minneapolis
37,-74.4518,40.4862,Johnson & Johnson,Pharmaceuticals,NJ,New Brunswick
38,-86.1581,39.7684,Anthem,Health Care: Insurance and Managed Care,IN,Indianapolis
39,-74.0059,40.7128,MetLife,Insurance: Life  Health (stock),NY,New York
40,-122.084,37.3861,Google,Internet Services and Retailing,CA,Mountain View
41,-88.9937,40.4842,State Farm Insurance Cos.,Insurance: Property and Casualty (Mutual),IL,Bloomington
42,-77.1773,38.9339,Freddie Mac,Diversified Financials,VA,McLean
43,-75.1652,39.9526,Comcast,Telecommunications,PA,Philadelphia
44,-73.7146,41.0409,PepsiCo,Food Consumer Products,NY,Purchase
45,-72.6851,41.7637,United Technologies,Aerospace and Defense,CT,Hartford
46,-74.0059,40.7128,AIG,Insurance: Property and Casualty (Stock),NY,New York
47,-84.388,33.749,UPS,Mail  Package  and Freight Delivery,GA,Atlanta
48,-84.2472,43.6156,Dow Chemical,Chemicals,MI,Midland
49,-72.6851,41.7637,Aetna,Health Care: Insurance and Managed Care,CT,Hartford
50,-80.8101,35.5849,Lowe's,Specialty Retailers: Other,NC,Mooresville
51,-95.3698,29.7604,ConocoPhillips,Mining  Crude-Oil Production,TX,Houston
52,-121.955,37.3541,Intel,Semiconductors and Other Electronic Components,CA,Santa Clara
53,-96.797,32.7767,Energy Transfer Equity,Pipelines,TX,Dallas
54,-89.589,40.6936,Caterpillar,Construction and Farm Machinery,IL,Peoria
55,-74.1724,40.7357,Prudential Financial,Insurance: Life  Health (stock),NJ,Newark
56,-74.0059,40.7128,Pfizer,Pharmaceuticals,NY,New York
57,-118.309,34.1808,Disney,Entertainment,CA,Burbank
58,-85.7585,38.2527,Humana,Health Care: Insurance and Managed Care,KY,Louisville
59,-95.3698,29.7604,Enterprise Products Partners,Pipelines,TX,Houston
60,-121.886,37.3382,Cisco Systems,Network and Other Communications Equipment,CA,San Jose
61,-95.3698,29.7604,Sysco,Wholesalers: Food and Grocery,TX,Houston
62,-117.868,33.7456,Ingram Micro,Wholesalers: Electronics and Office Equipment,CA,Santa Ana
63,-84.388,33.749,Coca-Cola,Beverages,GA,Atlanta
64,-77.0947,38.9847,Lockheed Martin,Aerospace and Defense,MD,Bethesda
65,-90.049,35.1495,FedEx,Mail  Package  and Freight Delivery,TN,Memphis
66,-87.9065,43.0389,Johnson Controls,Motor Vehicles and Parts,WI,Milwaukee
67,-95.3698,29.7604,Plains GP Holdings,Pipelines,TX,Houston
68,-80.1918,25.7617,World Fuel Services,Wholesalers: Diversified,FL,Miami
69,-93.0427,44.848,CHS,Food Production,MN,Inver Grove Heights
70,-97.3308,32.7555,American Airlines Group,Airlines,TX,Fort Worth
71,-74.2907,40.6765,Merck,Pharmaceuticals,NJ,Kenilworth
72,-93.283,44.8833,Best Buy,Specialty Retailers: Other,MN,Richfield
73,-84.388,33.749,Delta Air Lines,Airlines,GA,Atlanta
74,-74.5053,40.7934,Honeywell International,Electronics  Electrical Equip.,NJ,Morris Township
75,-86.7816,36.1627,HCA Holdings,Health Care: Medical Facilities,TN,Nashville
76,-74.0059,40.7128,Goldman Sachs Group,Commercial Banks,NY,New York
77,-98.4936,29.4241,Tesoro,Petroleum Refining,TX,San Antonio
78,-71.0589,42.3601,Liberty Mutual Insurance Group,Insurance: Property and Casualty (Stock),MA,Boston
79,-87.6298,41.8781,United Continental Holdings,Airlines,IL,Chicago
80,-74.0059,40.7128,New York Life Insurance,Insurance: Life  Health (Mutual),NY,New York
81,-122.236,37.4852,Oracle,Computer Software,CA,Redwood City
82,-74.0059,40.7128,Morgan Stanley,Commercial Banks,NY,New York
83,-94.1288,36.1867,Tyson Foods,Food Production,AR,Springdale
84,-121.875,37.6624,Safeway,Food and Drug Stores,CA,Pleasanton
85,-82.9988,39.9612,Nationwide,Insurance: Property and Casualty (Mutual),OH,Columbus
86,-90.5151,41.5067,Deere,Construction and Farm Machinery,IL,Moline
87,-75.5398,39.7391,DuPont,Chemicals,DE,Wilmington
88,-74.0059,40.7128,American Express,Commercial Banks,NY,New York
89,-87.829,42.1275,Allstate,Insurance: Property and Casualty (Stock),IL,Northbrook
90,-72.7301,41.8265,Cigna,Health Care: Insurance and Managed Care,CT,Bloomfield
91,-87.8445,42.1711,Mondelez International,Food Consumer Products,IL,Deerfield
92,-74.0059,40.7128,TIAA-CREF,Insurance: Life  Health (Mutual),NY,New York
93,-74.0059,40.7128,INTL FCStone,Diversified Financials,NY,New York
94,-72.5898,42.1015,Massachusetts Mutual Life Insurance,Insurance: Life  Health (Mutual),MA,Springfield
95,-118.416,33.9192,DirecTV,Telecommunications,CA,El Segundo
96,-95.3698,29.7604,Halliburton,Oil and Gas Equipment  Services,TX,Houston
97,-74.0059,40.7128,Twenty-First Century Fox,Entertainment,NY,New York
98,-93.09,44.9537,3M,zMiscellaneous,MN,St. Paul
99,-88.1227,42.063,Sears Holdings,General Merchandisers,IL,Hoffman Estates
100,-77.1711,38.8823,General Dynamics,Aerospace and Defense,VA,Falls Church
101,-81.9498,28.0395,Publix Super Markets,Food and Drug Stores,FL,Lakeland
102,-74.0059,40.7128,Philip Morris International,Tobacco,NY,New York
103,-71.4162,42.2793,TJX,Specialty Retailers: Apparel,MA,Framingham
104,-74.0059,40.7128,Time Warner,Entertainment,NY,New York
105,-84.512,39.1031,Macy's,General Merchandisers,OH,Cincinnati
106,-122.804,45.4871,Nike,Apparel,OR,Beaverton
107,-82.8001,27.9659,Tech Data,Wholesalers: Electronics and Office Equipment,FL,Clearwater
108,-112.074,33.4484,Avnet,Wholesalers: Electronics and Office Equipment,AZ,Phoenix
109,-87.9065,43.0389,Northwestern Mutual,Insurance: Life  Health (Mutual),WI,Milwaukee
110,-87.9536,41.8398,McDonald's,Food Services,IL,Oak Brook
111,-87.6298,41.8781,Exelon,Utilities: Gas and Electric,IL,Chicago
112,-74.0059,40.7128,Travelers Cos.,Insurance: Property and Casualty (Stock),NY,New York
113,-117.161,32.7157,Qualcomm,Network and Other Communications Equipment,CA,San Diego
114,-90.049,35.1495,International Paper,Packaging  Containers,TN,Memphis
115,-95.3698,29.7604,Occidental Petroleum,Mining  Crude-Oil Production,TX,Houston
116,-80.8431,35.2271,Duke Energy,Utilities: Gas and Electric,NC,Charlotte
117,-76.92,40.2398,Rite Aid,Food and Drug Stores,PA,Camp Hill
118,-122.271,37.5585,Gilead Sciences,Pharmaceuticals,CA,Foster City
119,-95.3698,29.7604,Baker Hughes,Oil and Gas Equipment  Services,TX,Houston
120,-90.1994,38.627,Emerson Electric,Electronics  Electrical Equip.,MO,St. Louis
121,-71.5226,42.2287,EMC,Computer Peripherals,MA,Hopkinton
122,-98.4936,29.4241,USAA,Insurance: Property and Casualty (Stock),TX,San Antonio
123,-95.998,41.2524,Union Pacific,Railroads,NE,Omaha
124,-77.1711,38.8823,Northrop Grumman,Aerospace and Defense,VA,Falls Church
125,-74.0059,40.7128,Alcoa,Metals,NY,New York
126,-77.1773,38.9339,Capital One Financial,Commercial Banks,VA,McLean
127,-95.3698,29.7604,National Oilwell Varco,Oil and Gas Equipment  Services,TX,Houston
128,-87.8722,41.9868,US Foods,Wholesalers: Food and Grocery,IL,Rosemont
129,-71.2356,42.3765,Raytheon,Aerospace and Defense,MA,Waltham
130,-74.0059,40.7128,Time Warner Cable,Telecommunications,NY,New York
131,-104.877,39.5807,Arrow Electronics,Wholesalers: Electronics and Office Equipment,CO,Centennial
132,-84.9877,32.461,Aflac,Insurance: Life  Health (stock),GA,Columbus
133,-71.4162,42.2793,Staples,Specialty Retailers: Other,MA,Framingham
134,-87.8961,42.3045,Abbott Laboratories,Medical Products and Equipment,IL,Abbott Park
135,-86.8689,35.9251,Community Health Systems,Health Care: Medical Facilities,TN,Franklin
136,-96.9489,32.814,Fluor,Engineering  Construction,TX,Irving
137,-112.074,33.4484,Freeport-McMoRan,Mining  Crude-Oil Production,AZ,Phoenix
138,-93.265,44.9778,U.S. Bancorp,Commercial Banks,MN,Minneapolis
139,-80.8431,35.2271,Nucor,Metals,NC,Charlotte
140,-96.9489,32.814,Kimberly-Clark,Household and Personal Products,TX,Irving
141,-74.0059,40.7128,Hess,Petroleum Refining,NY,New York
142,-97.5164,35.4676,Chesapeake Energy,Mining  Crude-Oil Production,OK,Oklahoma City
143,-73.4082,41.1177,Xerox,Information Technology Services,CT,Norwalk
144,-87.9065,43.0389,ManpowerGroup,Temporary Help,WI,Milwaukee
145,-118.838,34.1706,Amgen,Pharmaceuticals,CA,Thousand Oaks
146,-87.8412,42.3256,AbbVie,Pharmaceuticals,IL,North Chicago
147,-77.0369,38.9072,Danaher,Scientific Photographic and Control Equipment,DC,Washington
148,-86.4542,42.1167,Whirlpool,Electronics  Electrical Equip.,MI,Benton Harbor
149,-74.4174,40.8653,PBF Energy,Petroleum Refining,NJ,Parsippany
150,-96.797,32.7767,HollyFrontier,Petroleum Refining,TX,Dallas
151,-86.1581,39.7684,Eli Lilly,Pharmaceuticals,IN,Indianapolis
152,-97.5164,35.4676,Devon Energy,Mining  Crude-Oil Production,OK,Oklahoma City
153,-81.4393,41.552,Progressive,Insurance: Property and Casualty (Stock),OH,Mayfield Village
154,-85.9214,39.2014,Cummins,Construction and Farm Machinery,IN,Columbus
155,-74.0059,40.7128,Icahn Enterprises,Petroleum Refining,NY,New York
156,-80.1373,26.1224,AutoNation,Automotive Retailing  Services,FL,Fort Lauderdale
157,-88.1173,43.1789,Kohl's,General Merchandisers,WI,Menomonee Falls
158,-122.201,47.6104,Paccar,Motor Vehicles and Parts,WA,Bellevue
159,-86.7133,36.3231,Dollar General,General Merchandisers,TN,Goodlettsville
160,-72.6851,41.7637,Hartford Financial Services Group,Insurance: Property and Casualty (Stock),CT,Hartford
161,-96.797,32.7767,Southwest Airlines,Airlines,TX,Dallas
162,-95.4613,30.1658,Anadarko Petroleum,Mining  Crude-Oil Production,TX,The Woodlands
163,-84.388,33.749,Southern,Utilities: Gas and Electric,GA,Atlanta
164,-93.4708,44.8547,Supervalu,Food and Drug Stores,MN,Eden Prairie
165,-87.7809,42.0998,Kraft Foods Group,Food Consumer Products,IL,Northfield
166,-81.519,41.0814,Goodyear Tire & Rubber,Motor Vehicles and Parts,OH,Akron
167,-95.3698,29.7604,EOG Resources,Mining  Crude-Oil Production,TX,Houston
168,-92.1193,32.5093,CenturyLink,Telecommunications,LA,Monroe
169,-77.436,37.5407,Altria Group,Tobacco,VA,Richmond
170,-96.797,32.7767,Tenet Healthcare,Health Care: Medical Facilities,TX,Dallas
171,-93.265,44.9778,General Mills,Food Consumer Products,MN,Minneapolis
172,-121.886,37.3382,eBay,Internet Services and Retailing,CA,San Jose
173,-95.998,41.2524,ConAgra Foods,Food Consumer Products,NE,Omaha
174,-83.2219,42.4734,Lear,Motor Vehicles and Parts,MI,Southfield
175,-83.3527,42.3684,TRW Automotive Holdings,Motor Vehicles and Parts,MI,Livonia
176,-79.9959,40.4406,United States Steel,Metals,PA,Pittsburgh
177,-83.2455,42.5836,Penske Automotive Group,Automotive Retailing  Services,MI,Bloomfield Hills
178,-77.1068,38.88,AES,Utilities: Gas and Electric,VA,Arlington
179,-74.0059,40.7128,Colgate-Palmolive,Household and Personal Products,NY,New York
180,-71.2356,42.3765,Global Partners,Wholesalers: Diversified,MA,Waltham
181,-71.2356,42.3765,Thermo Fisher Scientific,Scientific Photographic and Control Equipment,MA,Waltham
182,-122.419,37.7749,PG&E Corp.,Utilities: Gas and Electric,CA,San Francisco
183,-80.0534,26.8798,NextEra Energy,Utilities: Gas and Electric,FL,Juno Beach
184,-82.9988,39.9612,American Electric Power,Utilities: Gas and Electric,OH,Columbus
185,-87.8445,42.1711,Baxter International,Medical Products and Equipment,IL,Deerfield
186,-90.1994,38.627,Centene,Health Care: Insurance and Managed Care,MO,St. Louis
187,-122.332,47.6062,Starbucks,Food Services,WA,Seattle
188,-122.419,37.7749,Gap,Specialty Retailers: Apparel,CA,San Francisco
189,-74.0059,40.7128,Bank of New York Mellon Corp.,Commercial Banks,NY,New York
190,-116.215,43.6187,Micron Technology,Semiconductors and Other Electronic Components,ID,Boise
191,-82.64,27.7731,Jabil Circuit,Semiconductors and Other Electronic Components,FL,St. Petersburg
192,-79.9959,40.4406,PNC Financial Services Group,Commercial Banks,PA,Pittsburgh
193,-95.3698,29.7604,Kinder Morgan,Pipelines,TX,Houston
194,-80.1289,26.3683,Office Depot,Specialty Retailers: Other,FL,Boca Raton
195,-74.0059,40.7128,Bristol-Myers Squibb,Pharmaceuticals,NY,New York
196,-74.6672,40.3573,NRG Energy,Energy,NJ,Princeton
197,-90.1994,38.627,Monsanto,Chemicals,MO,St. Louis
198,-79.9959,40.4406,PPG Industries,Chemicals,PA,Pittsburgh
199,-84.388,33.749,Genuine Parts,Wholesalers: Diversified,GA,Atlanta
200,-74.0059,40.7128,Omnicom Group,Advertising  marketing,NY,New York
201,-87.7878,42.0698,Illinois Tool Works,Industrial Machinery,IL,Glenview
202,-92.6663,33.2076,Murphy USA,Specialty Retailers: Other,AR,El Dorado
203,-93.1566,45.0502,Land O'Lakes,Food Consumer Products,MN,Arden Hills
204,-106.442,31.7776,Western Refining,Petroleum Refining,TX,El Paso
205,-117.795,33.6839,Western Digital,Computer Peripherals,CA,Irvine
206,-81.519,41.0814,FirstEnergy,Utilities: Gas and Electric,OH,Akron
207,-75.1652,39.9526,Aramark,Diversified Outsourcing Services,PA,Philadelphia
208,-104.988,39.6478,DISH Network,Telecommunications,CO,Englewood
209,-115.14,36.1699,Las Vegas Sands,Hotels  Casinos  Resorts,NV,Las Vegas
210,-85.1797,42.3212,Kellogg,Food Consumer Products,MI,Battle Creek
211,-74.0059,40.7128,Loews,Insurance: Property and Casualty (Stock),NY,New York
212,-74.0059,40.7128,CBS,Entertainment,NY,New York
213,-93.09,44.9537,Ecolab,Chemicals,MN,St. Paul
214,-97.7431,30.2672,Whole Foods Market,Food and Drug Stores,TX,Austin
215,-74.5005,40.6342,Chubb,Insurance: Property and Casualty (Stock),NJ,Warren
216,-118.609,34.1654,Health Net,Health Care: Insurance and Managed Care,CA,Woodland Hills
217,-95.3698,29.7604,Waste Management,Waste Management,TX,Houston
218,-95.3698,29.7604,Apache,Mining  Crude-Oil Production,TX,Houston
219,-71.4128,41.824,Textron,Aerospace and Defense,RI,Providence
220,-121.989,37.5483,Synnex,Wholesalers: Electronics and Office Equipment,CA,Fremont
221,-77.0947,38.9847,Marriott International,Hotels  Casinos  Resorts,MD,Bethesda
222,-74.0059,40.7128,Viacom,Entertainment,NY,New York
223,-75.3599,40.0462,Lincoln National,Insurance: Life  Health (stock),PA,Radnor
224,-122.332,47.6062,Nordstrom,General Merchandisers,WA,Seattle
225,-93.4708,44.8547,C.H. Robinson Worldwide,Transportation and Logistics,MN,Eden Prairie
226,-118.073,34.0806,Edison International,Utilities: Gas and Electric,CA,Rosemead
227,-95.3698,29.7604,Marathon Oil,Mining  Crude-Oil Production,TX,Houston
228,-85.7585,38.2527,Yum Brands,Food Services,KY,Louisville
229,-77.1711,38.8823,Computer Sciences,Information Technology Services,VA,Falls Church
230,-81.6944,41.4993,Parker-Hannifin,Industrial Machinery,OH,Cleveland
231,-104.99,39.7392,DaVita HealthCare Partners,Health Care: Medical Facilities,CO,Denver
232,-77.436,37.5407,CarMax,Automotive Retailing  Services,VA,Richmond
233,-96.797,32.7767,Texas Instruments,Semiconductors and Other Electronic Components,TX,Dallas
234,-82.4572,27.9506,WellCare Health Plans,Health Care: Insurance and Managed Care,FL,Tampa
235,-74.0059,40.7128,Marsh & McLennan,Diversified Financials,NY,New York
236,-74.0059,40.7128,Consolidated Edison,Utilities: Gas and Electric,NY,New York
237,-95.9928,36.154,Oneok,Pipelines,OK,Tulsa
238,-122.271,37.5585,Visa,Financial Data Services,CA,Foster City
239,-118.145,34.1478,Jacobs Engineering Group,Engineering  Construction,CA,Pasadena
240,-81.6557,30.3322,CSX,Railroads,FL,Jacksonville
241,-90.0715,29.9511,Entergy,Utilities: Gas and Electric,LA,New Orleans
242,-122.182,37.453,Facebook,Internet Services and Retailing,CA,Menlo Park
243,-77.436,37.5407,Dominion Resources,Utilities: Gas and Electric,VA,Richmond
244,-74.0059,40.7128,Leucadia National,Food Production,NY,New York
245,-74.2765,40.9254,Toys R Us,Specialty Retailers: Other,NJ,Wayne
246,-83.0458,42.3314,DTE Energy,Utilities: Gas and Electric,MI,Detroit
247,-93.265,44.9778,Ameriprise Financial,Diversified Financials,MN,Minneapolis
248,-79.792,36.0726,VF,Apparel,NC,Greensboro
249,-73.454,41.3948,Praxair,Chemicals,CT,Danbury
250,-96.6989,33.0198,J.C. Penney,General Merchandisers,TX,Plano
251,-74.2938,40.8207,Automatic Data Processing,Diversified Outsourcing Services,NJ,Roseland
252,-74.0059,40.7128,L-3 Communications,Aerospace and Defense,NY,New York
253,-87.9654,42.2393,CDW,Information Technology Services,IL,Vernon Hills
254,-74.0059,40.7128,Guardian Life Ins. Co. of America,Insurance: Life  Health (Mutual),NY,New York
255,-93.265,44.9778,Xcel Energy,Utilities: Gas and Electric,MN,Minneapolis
256,-76.2859,36.8508,Norfolk Southern,Railroads,VA,Norfolk
257,-75.4902,40.6084,PPL,Utilities: Gas and Electric,PA,Allentown
258,-87.6298,41.8781,R.R. Donnelley & Sons,Publishing  Printing,IL,Chicago
259,-111.891,40.7608,Huntsman,Chemicals,UT,Salt Lake City
260,-74.2632,40.6976,Bed Bath & Beyond,Specialty Retailers: Other,NJ,Union
261,-72.7795,41.6612,Stanley Black & Decker,Home Equipment  Furnishings,CT,New Britain
262,-82.9988,39.9612,L Brands,Specialty Retailers: Apparel,OH,Columbus
263,-104.988,39.6478,Liberty Interactive,Internet Services and Retailing,CO,Englewood
264,-118.609,34.1654,Farmers Insurance Exchange,Insurance: Property and Casualty (Mutual),CA,Woodland Hills
265,-84.388,33.749,First Data,Financial Data Services,GA,Atlanta
266,-81.6944,41.4993,Sherwin-Williams,Chemicals,OH,Cleveland
267,-74.0059,40.7128,BlackRock,Securities,NY,New York
268,-74.0059,40.7128,Voya Financial,Insurance: Life  Health (stock),NY,New York
269,-121.936,37.7022,Ross Stores,Specialty Retailers: Apparel,CA,Dublin
270,-117.161,32.7157,Sempra Energy,Utilities: Gas and Electric,CA,San Diego
271,-74.0059,40.7128,Estee Lauder,Household and Personal Products,NY,New York
272,-79.9959,40.4406,H.J. Heinz,Food Consumer Products,PA,Pittsburgh
273,-90.5771,38.6631,Reinsurance Group of America,Insurance: Life  Health (stock),MO,Chesterfield
274,-74.1724,40.7357,Public Service Enterprise Group,Utilities: Gas and Electric,NJ,Newark
275,-95.3698,29.7604,Cameron International,Oil and Gas Equipment  Services,TX,Houston
276,-88.0748,41.8011,Navistar International,Motor Vehicles and Parts,IL,Lisle
277,-98.4936,29.4241,CST Brands,Specialty Retailers: Other,TX,San Antonio
278,-71.0589,42.3601,State Street Corp.,Commercial Banks,MA,Boston
279,-85.3097,35.0456,Unum Group,Insurance: Life  Health (stock),TN,Chattanooga
280,-77.1773,38.9339,Hilton Worldwide Holdings,Hotels  Casinos  Resorts,VA,McLean
281,-80.7237,35.1168,Family Dollar Stores,General Merchandisers,NC,Matthews
282,-93.6091,41.6005,Principal Financial,Insurance: Life  Health (stock),IA,Des Moines
283,-118.244,34.0522,Reliance Steel & Aluminum,Metals,CA,Los Angeles
284,-75.4902,40.6084,Air Products & Chemicals,Chemicals,PA,Allentown
285,-74.0059,40.7128,Assurant,Insurance: Property and Casualty (Stock),NY,New York
286,-95.998,41.2524,Peter Kiewit Sons',Engineering  Construction,NE,Omaha
287,-73.4151,40.7934,Henry Schein,Wholesalers: Health Care,NY,Melville
288,-74.0117,40.8932,Cognizant Technology Solutions,Information Technology Services,NJ,Teaneck
289,-115.14,36.1699,MGM Resorts International,Hotels  Casinos  Resorts,NV,Las Vegas
290,-87.8406,42.2586,W.W. Grainger,Wholesalers: Diversified,IL,Lake Forest
291,-95.3698,29.7604,Group 1 Automotive,Automotive Retailing  Services,TX,Houston
292,-80.2442,36.0999,BB&T Corp.,Commercial Banks,NC,Winston-Salem
293,-84.2135,33.9412,Rock-Tenn,Packaging  Containers,GA,Norcross
294,-79.9414,37.271,Advance Auto Parts,Specialty Retailers: Other,VA,Roanoke
295,-83.0458,42.3314,Ally Financial,Commercial Banks,MI,Detroit
296,-84.1446,34.0029,AGCO,Construction and Farm Machinery,GA,Duluth
297,-77.0547,42.1429,Corning,Network and Other Communications Equipment,NY,Corning
298,-71.1097,42.3736,Biogen,Pharmaceuticals,MA,Cambridge
299,-95.9928,36.154,NGL Energy Partners,Wholesalers: Diversified,OK,Tulsa
300,-85.5872,42.2917,Stryker,Medical Products and Equipment,MI,Kalamazoo
301,-118.194,33.7701,Molina Healthcare,Health Care: Insurance and Managed Care,CA,Long Beach
302,-122.676,45.5231,Precision Castparts,Aerospace and Defense,OR,Portland
303,-87.897,42.1675,Discover Financial Services,Commercial Banks,IL,Riverwoods
304,-77.436,37.5407,Genworth Financial,Insurance: Life  Health (stock),VA,Richmond
305,-82.5618,36.5484,Eastman Chemical,Chemicals,TN,Kingsport
306,-96.797,32.7767,Dean Foods,Food Consumer Products,TX,Dallas
307,-90.049,35.1495,AutoZone,Specialty Retailers: Other,TN,Memphis
308,-73.7146,41.0409,MasterCard,Financial Data Services,NY,Purchase
309,-77.3733,37.6088,Owens & Minor,Wholesalers: Health Care,VA,Mechanicsville
310,-92.9746,43.6666,Hormel Foods,Food Consumer Products,MN,Austin
311,-97.0781,32.9343,GameStop,Specialty Retailers: Other,TX,Grapevine
312,-83.2341,42.6875,Autoliv,Motor Vehicles and Parts,MI,Auburn Hills
313,-95.3698,29.7604,CenterPoint Energy,Utilities: Gas and Electric,TX,Houston
314,-81.6557,30.3322,Fidelity National Financial,Insurance: Property and Casualty (Stock),FL,Jacksonville
315,-80.8431,35.2271,Sonic Automotive,Automotive Retailing  Services,NC,Charlotte
316,-84.388,33.749,HD Supply Holdings,Wholesalers: Diversified,GA,Atlanta
317,-73.5387,41.0534,Charter Communications,Telecommunications,CT,Stamford
318,-75.1652,39.9526,Crown Holdings,Packaging  Containers,PA,Philadelphia
319,-121.955,37.3541,Applied Materials,Semiconductors and Other Electronic Components,CA,Santa Clara
320,-93.4555,45.0105,Mosaic,Chemicals,MN,Plymouth
321,-118.244,34.0522,CBRE Group,Real estate,CA,Los Angeles
322,-74.0059,40.7128,Avon Products,Household and Personal Products,NY,New York
323,-112.074,33.4484,Republic Services,Waste Management,AZ,Phoenix
324,-75.3836,40.1013,Universal Health Services,Health Care: Medical Facilities,PA,King of Prussia
325,-81.3792,28.5383,Darden Restaurants,Food Services,FL,Orlando
326,-85.1394,41.0793,Steel Dynamics,Metals,IN,Fort Wayne
327,-84.388,33.749,SunTrust Banks,Commercial Banks,GA,Atlanta
328,-115.14,36.1699,Caesars Entertainment,Hotels  Casinos  Resorts,NV,Las Vegas
329,-95.3698,29.7604,Targa Resources,Pipelines,TX,Houston
330,-76.2875,36.7682,Dollar Tree,Specialty Retailers: Other,VA,Chesapeake
331,-74.0059,40.7128,News Corp.,Publishing  Printing,NY,New York
332,-105.087,39.9205,Ball,Packaging  Containers,CO,Broomfield
333,-93.265,44.9778,Thrivent Financial for Lutherans,Insurance: Life  Health (Mutual),MN,Minneapolis
334,-83.2697,42.2409,Masco,Home Equipment  Furnishings,MI,Taylor
335,-122.326,37.563,Franklin Resources,Securities,CA,San Mateo
336,-74.4174,40.8653,Avis Budget Group,Automotive Retailing  Services,NJ,Parsippany
337,-80.2442,36.0999,Reynolds American,Tobacco,NC,Winston-Salem
338,-74.2057,41.0168,Becton Dickinson,Medical Products and Equipment,NJ,Franklin Lakes
339,-73.4082,41.1177,Priceline Group,Internet Services and Retailing,CT,Norwalk
340,-117.795,33.6839,Broadcom,Semiconductors and Other Electronic Components,CA,Irvine
341,-87.8406,42.2586,Tenneco,Motor Vehicles and Parts,IL,Lake Forest
342,-75.1196,39.9259,Campbell Soup,Food Consumer Products,NJ,Camden
343,-118.244,34.0522,AECOM,Engineering  Construction,CA,Los Angeles
344,-83.4838,42.2203,Visteon,Motor Vehicles and Parts,MI,Van Buren Township
345,-86.7828,36.0331,Delek US Holdings,Petroleum Refining,TN,Brentwood
346,-88.0112,41.8089,Dover,Industrial Machinery,IL,Downers Grove
347,-83.2341,42.6875,BorgWarner,Motor Vehicles and Parts,MI,Auburn Hills
348,-80.1289,26.3683,Jarden,Home Equipment  Furnishings,FL,Boca Raton
349,-75.3836,40.1013,UGI,Energy,PA,King of Prussia
350,-92.6663,33.2076,Murphy Oil,Mining  Crude-Oil Production,AR,El Dorado
351,-74.0059,40.7128,PVH,Apparel,NY,New York
352,-122.408,37.6547,Core-Mark Holding,Wholesalers: Food and Grocery,CA,South San Francisco
353,-95.3698,29.7604,Calpine,Energy,TX,Houston
354,-97.3308,32.7555,D.R. Horton,Homebuilders,TX,Fort Worth
355,-122.313,47.3223,Weyerhaeuser,Forest and Paper Products,WA,Federal Way
356,-74.0059,40.7128,KKR,Securities,NY,New York
357,-95.3698,29.7604,FMC Technologies,Oil and Gas Equipment  Services,TX,Houston
358,-89.4012,43.0731,American Family Insurance Group,Insurance: Property and Casualty (Stock),WI,Madison
359,-85.6681,42.9634,SpartanNash,Wholesalers: Food and Grocery,MI,Grand Rapids
360,-79.9959,40.4406,WESCO International,Wholesalers: Diversified,PA,Pittsburgh
361,-95.3698,29.7604,Quanta Services,Engineering  Construction,TX,Houston
362,-84.9511,34.5026,Mohawk Industries,zMiscellaneous,GA,Calhoun
363,-88.0834,42.0334,Motorola Solutions,Network and Other Communications Equipment,IL,Schaumburg
364,-80.1918,25.7617,Lennar,Homebuilders,FL,Miami
365,-81.9179,41.4553,TravelCenters of America,Specialty Retailers: Other,OH,Westlake
366,-80.8431,35.2271,Sealed Air,Packaging  Containers,NC,Charlotte
367,-72.5898,42.1015,Eversource Energy,Utilities: Gas and Electric,MA,Springfield
368,-84.388,33.749,Coca-Cola Enterprises,Beverages,GA,Atlanta
369,-74.3646,40.7146,Celgene,Pharmaceuticals,NJ,Summit
370,-95.9928,36.154,Williams,Energy,OK,Tulsa
371,-84.5086,39.0837,Ashland,Chemicals,KY,Covington
372,-74.0059,40.7128,Interpublic Group,Advertising  marketing,NY,New York
373,-74.0059,40.7128,Blackstone Group,Diversified Financials,NY,New York
374,-74.0059,40.7128,Ralph Lauren,Apparel,NY,New York
375,-74.4171,40.7598,Quest Diagnostics,Health Care: Pharmacy and Other Services,NJ,Madison
376,-76.6502,40.2859,Hershey,Food Consumer Products,PA,Hershey
377,-73.3579,41.1415,Terex,Construction and Farm Machinery,CT,Westport
378,-71.5523,42.3459,Boston Scientific,Medical Products and Equipment,MA,Marlborough
379,-104.951,39.6172,Newmont Mining,Mining  Crude-Oil Production,CO,Greenwood Village
380,-117.795,33.6839,Allergan,Pharmaceuticals,CA,Irvine
381,-93.2923,37.209,O'Reilly Automotive,Specialty Retailers: Other,MO,Springfield
382,-93.6001,41.7318,Casey's General Stores,Specialty Retailers: Other,IA,Ankeny
383,-84.4013,42.2459,CMS Energy,Utilities: Gas and Electric,MI,Jackson
384,-74.0059,40.7128,Foot Locker,Specialty Retailers: Apparel,NY,New York
385,-73.6282,41.0262,W.R. Berkley,Insurance: Property and Casualty (Stock),CT,Greenwich
386,-112.074,33.4484,PetSmart,Specialty Retailers: Other,AZ,Phoenix
387,-117.929,33.6189,Pacific Life,Insurance: Life  Health (stock),CA,Newport Beach
388,-96.9489,32.814,Commercial Metals,Metals,TX,Irving
389,-121.955,37.3541,Agilent Technologies,Scientific Photographic and Control Equipment,CA,Santa Clara
390,-76.473,37.0871,Huntington Ingalls Industries,Aerospace and Defense,VA,Newport News
391,-95.998,41.2524,Mutual of Omaha Insurance,Insurance: Life  Health (stock),NE,Omaha
392,-118.4,34.0736,Live Nation Entertainment,Entertainment,CA,Beverly Hills
393,-80.1667,40.5184,Dick's Sporting Goods,Specialty Retailers: Other,PA,Coraopolis
394,-88.5426,44.0247,Oshkosh,Motor Vehicles and Parts,WI,Oshkosh
395,-96.9489,32.814,Celanese,Chemicals,TX,Irving
396,-97.3361,37.6889,Spirit AeroSystems Holdings,Aerospace and Defense,KS,Wichita
397,-71.4128,41.824,United Natural Foods,Wholesalers: Food and Grocery,RI,Providence
398,-90.1994,38.627,Peabody Energy,Mining  Crude-Oil Production,MO,St. Louis
399,-83.6272,41.557,Owens-Illinois,Packaging  Containers,OH,Perrysburg
400,-92.2896,34.7465,Dillard's,General Merchandisers,AR,Little Rock
401,-105.087,39.9205,Level 3 Communications,Telecommunications,CO,Broomfield
402,-78.7811,35.7915,Pantry,Specialty Retailers: Other,NC,Cary
403,-87.6298,41.8781,LKQ,Wholesalers: Diversified,IL,Chicago
404,-87.6298,41.8781,Integrys Energy Group,Utilities: Gas and Electric,IL,Chicago
405,-122.084,37.3861,Symantec,Computer Software,CA,Mountain View
406,-95.3698,29.7604,Buckeye Partners,Pipelines,TX,Houston
407,-80.1918,25.7617,Ryder System,Trucking  Truck Leasing,FL,Miami
408,-121.9,37.4323,SanDisk,Semiconductors and Other Electronic Components,CA,Milpitas
409,-87.9065,43.0389,Rockwell Automation,Electronics  Electrical Equip.,WI,Milwaukee
410,-83.6538,41.5628,Dana Holding,Motor Vehicles and Parts,OH,Maumee
411,-94.6708,38.9822,Lansing Trade Group,Wholesalers: Diversified,KS,Overland Park
412,-84.1446,34.0029,NCR,Computers  Office Equipment,GA,Duluth
413,-122.332,47.6062,Expeditors International of Washington,Transportation and Logistics,WA,Seattle
414,-84.512,39.1031,Omnicare,Health Care: Pharmacy and Other Services,OH,Cincinnati
415,-84.4173,39.3321,AK Steel Holding,Metals,OH,West Chester
416,-84.512,39.1031,Fifth Third Bancorp,Commercial Banks,OH,Cincinnati
417,-94.7152,39.0228,Seaboard,Food Production,KS,Shawnee Mission
418,-87.3328,41.4828,NiSource,Utilities: Gas and Electric,IN,Merrillville
419,-73.4821,40.7443,Cablevision Systems,Telecommunications,NY,Bethpage
420,-87.7878,42.0698,Anixter International,Wholesalers: Diversified,IL,Glenview
421,-73.4082,41.1177,EMCOR Group,Engineering  Construction,CT,Norwalk
422,-81.6557,30.3322,Fidelity National Information Services,Financial Data Services,FL,Jacksonville
423,-74.0059,40.7128,Barnes & Noble,Specialty Retailers: Other,NY,New York
424,-95.3698,29.7604,KBR,Engineering  Construction,TX,Houston
425,-84.5555,42.7325,Auto-Owners Insurance,Insurance: Property and Casualty (Mutual),MI,Lansing
426,-90.4329,38.6009,Jones Financial,Securities,MO,Des Peres
427,-118.255,34.1425,Avery Dennison,Chemicals,CA,Glendale
428,-122.036,37.3688,NetApp,Computer Peripherals,CA,Sunnyvale
429,-98.4936,29.4241,iHeartMedia,Entertainment,TX,San Antonio
430,-77.0261,38.9907,Discovery Communications,Entertainment,MD,Silver Spring
431,-87.9065,43.0389,Harley-Davidson,Transportation Equipment,WI,Milwaukee
432,-121.886,37.3382,Sanmina,Semiconductors and Other Electronic Components,CA,San Jose
433,-96.797,32.7767,Trinity Industries,Transportation Equipment,TX,Dallas
434,-94.1308,36.2554,J.B. Hunt Transport Services,Trucking  Truck Leasing,AR,Lowell
435,-122.419,37.7749,Charles Schwab,Securities,CA,San Francisco
436,-80.0851,42.1292,Erie Insurance Group,Insurance: Property and Casualty (Stock),PA,Erie
437,-96.6989,33.0198,Dr Pepper Snapple Group,Beverages,TX,Plano
438,-90.1994,38.627,Ameren,Utilities: Gas and Electric,MO,St. Louis
439,-118.416,33.9192,Mattel,Toys  Sporting Goods,CA,El Segundo
440,-79.4378,36.0957,Laboratory Corp. of America,Health Care: Pharmacy and Other Services,NC,Burlington
441,-77.1773,38.9339,Gannett,Publishing  Printing,VA,McLean
442,-73.5387,41.0534,Starwood Hotels & Resorts,Hotels  Casinos  Resorts,CT,Stamford
443,-84.4519,39.0331,General Cable,Electronics  Electrical Equip.,KY,Highland Heights
444,-118.491,34.0195,A-Mark Precious Metals,zMiscellaneous,CA,Santa Monica
445,-90.1994,38.627,Graybar Electric,Wholesalers: Diversified,MO,St. Louis
446,-96.797,32.7767,Energy Future Holdings,Energy,TX,Dallas
447,-74.0059,40.7128,HRG Group,Household and Personal Products,NY,New York
448,-95.3698,29.7604,MRC Global,Oil and Gas Equipment  Services,TX,Houston
449,-95.3698,29.7604,Spectra Energy,Pipelines,TX,Houston
450,-84.1446,34.0029,Asbury Automotive Group,Automotive Retailing  Services,GA,Duluth
451,-87.8406,42.2586,Packaging Corp. of America,Packaging  Containers,IL,Lake Forest
452,-92.2896,34.7465,Windstream Holdings,Telecommunications,AR,Little Rock
453,-84.388,33.749,PulteGroup,Homebuilders,GA,Atlanta
454,-73.9564,40.7413,JetBlue Airways,Airlines,NY,Long Island City
455,-84.388,33.749,Newell Rubbermaid,Home Equipment  Furnishings,GA,Atlanta
456,-83.743,42.2808,Con-way,Transportation and Logistics,MI,Ann Arbor
457,-86.1581,39.7684,Calumet Specialty Products Partners,Petroleum Refining,IN,Indianapolis
458,-122.201,47.6104,Expedia,Internet Services and Retailing,WA,Bellevue
459,-84.512,39.1031,American Financial Group,Insurance: Property and Casualty (Stock),OH,Cincinnati
460,-86.7828,36.0331,Tractor Supply,Specialty Retailers: Other,TN,Brentwood
461,-73.5387,41.0534,United Rentals,zMiscellaneous,CT,Stamford
462,-87.8807,41.8498,Ingredion,Food Production,IL,Westchester
463,-75.5398,39.7391,Navient,Diversified Financials,DE,Wilmington
464,-77.436,37.5407,MeadWestvaco,Packaging  Containers,VA,Richmond
465,-84.388,33.749,AGL Resources,Utilities: Gas and Electric,GA,Atlanta
466,-93.09,44.9537,St. Jude Medical,Medical Products and Equipment,MN,St. Paul
467,-81.764,40.8437,J.M. Smucker,Food Consumer Products,OH,Orrville
468,-104.988,39.6478,Western Union,Financial Data Services,CO,Englewood
469,-122.271,37.8044,Clorox,Household and Personal Products,CA,Oakland
470,-80.9451,35.0074,Domtar,Forest and Paper Products,SC,Fort Mill
471,-83.1498,42.6064,Kelly Services,Temporary Help,MI,Troy
472,-87.6298,41.8781,Old Republic International,Insurance: Property and Casualty (Stock),IL,Chicago
473,-122.036,37.3688,Advanced Micro Devices,Semiconductors and Other Electronic Components,CA,Sunnyvale
474,-121.962,37.2358,Netflix,Specialty Retailers: Other,CA,Los Gatos
475,-77.1773,38.9339,Booz Allen Hamilton Holding,Information Technology Services,VA,McLean
476,-78.8986,35.994,Quintiles Transnational Holdings,Health Care: Pharmacy and Other Services,NC,Durham
477,-115.14,36.1699,Wynn Resorts,Hotels  Casinos  Resorts,NV,Las Vegas
478,-87.6298,41.8781,Jones Lang LaSalle,Real estate,IL,Chicago
479,-86.8025,33.5207,Regions Financial,Commercial Banks,AL,Birmingham
480,-104.988,39.6478,CH2M Hill,Engineering  Construction,CO,Englewood
481,-84.512,39.1031,Western & Southern Financial Group,Insurance: Life  Health (Mutual),OH,Cincinnati
482,-122.876,42.3265,Lithia Motors,Automotive Retailing  Services,OR,Medford
483,-122.419,37.7749,salesforce.com,Computer Software,CA,San Francisco
484,-122.332,47.6062,Alaska Air Group,Airlines,WA,Seattle
485,-77.0947,38.9847,Host Hotels & Resorts,Real estate,MD,Bethesda
486,-73.5387,41.0534,Harman International Industries,Electronics  Electrical Equip.,CT,Stamford
487,-72.8231,41.457,Amphenol,Network and Other Communications Equipment,CT,Wallingford
488,-74.4171,40.7598,Realogy Holdings,Real estate,NJ,Madison
489,-87.8445,42.1711,Essendant,Wholesalers: Electronics and Office Equipment,IL,Deerfield
490,-80.2442,36.0999,Hanesbrands,Apparel,NC,Winston-Salem
491,-85.7585,38.2527,Kindred Healthcare,Health Care: Medical Facilities,KY,Louisville
492,-84.0713,34.0515,ARRIS Group,Network and Other Communications Equipment,GA,Suwanee
493,-111.94,33.4255,Insight Enterprises,Wholesalers: Electronics and Office Equipment,AZ,Tempe
494,-96.6989,33.0198,Alliance Data Systems,Financial Data Services,TX,Plano
495,-86.7828,36.0331,LifePoint Health,Health Care: Medical Facilities,TN,Brentwood
496,-96.9489,32.814,Pioneer Natural Resources,Mining  Crude-Oil Production,TX,Irving
497,-74.4174,40.8653,Wyndham Worldwide,Hotels  Casinos  Resorts,NJ,Parsippany
498,-83.5552,41.6639,Owens Corning,Building Materials  Glass,OH,Toledo
499,-74.0059,40.7128,Alleghany,Insurance: Property and Casualty (Stock),NY,New York
500,-74.0059,40.7128,McGraw Hill Financial,Financial Data Services,NY,New York
501,-82.9988,39.9612,Big Lots,Specialty Retailers: Other,OH,Columbus
502,-111.94,33.4255,Northern Tier Energy,Petroleum Refining,AZ,Tempe
503,-82.9988,39.9612,Hexion,Chemicals,OH,Columbus
504,-77.5064,37.666,Markel,Insurance: Property and Casualty (Stock),VA,Glen Allen
505,-95.3698,29.7604,Noble Energy,Mining  Crude-Oil Production,TX,Houston
506,-77.357,38.9586,Leidos Holdings,Information Technology Services,VA,Reston
507,-91.6656,41.9779,Rockwell Collins,Aerospace and Defense,IA,Cedar Rapids
508,-75.3599,40.0462,Airgas,Wholesalers: Diversified,PA,Radnor
509,-70.7626,43.0718,Sprague Resources,Wholesalers: Diversified,NH,Portsmouth
510,-94.6708,38.9822,YRC Worldwide,Trucking  Truck Leasing,KS,Overland Park
511,-71.8023,42.2626,Hanover Insurance Group,Insurance: Property and Casualty (Stock),MA,Worcester
512,-88.1065,43.0606,Fiserv,Financial Data Services,WI,Brookfield
513,-79.792,36.0726,Lorillard,Tobacco,NC,Greensboro
514,-80.8429,35.4107,American Tire Distributors Holdings,Wholesalers: Diversified,NC,Huntersville
515,-74.0059,40.7128,ABM Industries,Diversified Outsourcing Services,NY,New York
516,-80.0734,34.374,Sonoco Products,Packaging  Containers,SC,Hartsville
517,-80.6081,28.0836,Harris,Network and Other Communications Equipment,FL,Melbourne
518,-87.6298,41.8781,Telephone & Data Systems,Telecommunications,IL,Chicago
519,-87.9065,43.0389,Wisconsin Energy,Utilities: Gas and Electric,WI,Milwaukee
520,-95.3698,29.7604,Linn Energy,Mining  Crude-Oil Production,TX,Houston
521,-82.64,27.7731,Raymond James Financial,Securities,FL,St. Petersburg
522,-87.5711,37.9716,Berry Plastics Group,Packaging  Containers,IN,Evansville
523,-96.797,32.7767,Regency Energy Partners,Oil and Gas Equipment  Services,TX,Dallas
524,-81.074,33.9657,SCANA,Utilities: Gas and Electric,SC,Cayce
525,-84.5603,39.3455,Cincinnati Financial,Insurance: Property and Casualty (Stock),OH,Fairfield
526,-96.797,32.7767,Atmos Energy,Utilities: Gas and Electric,TX,Dallas
527,-77.0369,38.9072,Pepco Holdings,Utilities: Gas and Electric,DC,Washington
528,-96.9489,32.814,Flowserve,Industrial Machinery,TX,Irving
529,-86.1581,39.7684,Simon Property Group,Real estate,IN,Indianapolis
530,-77.4089,42.9826,Constellation Brands,Beverages,NY,Victor
531,-88.222,43.1339,Quad/Graphics,Publishing  Printing,WI,Sussex
532,-74.8649,40.0712,Burlington Stores,Specialty Retailers: Apparel,NJ,Burlington
533,-96.797,32.7767,Neiman Marcus Group,Specialty Retailers: Apparel,TX,Dallas
534,-88.4626,44.1858,Bemis,Packaging  Containers,WI,Neenah
535,-74.0059,40.7128,Coach,Apparel,NY,New York
536,-97.5164,35.4676,Continental Resources,Mining  Crude-Oil Production,OK,Oklahoma City
537,-74.1436,41.0886,Ascena Retail Group,Specialty Retailers: Apparel,NJ,Mahwah
538,-74.3882,40.7879,Zoetis,Pharmaceuticals,NJ,Florham Park
539,-77.4478,38.9559,Orbital ATK,Aerospace and Defense,VA,Dulles
540,-73.5387,41.0534,Frontier Communications,Telecommunications,CT,Stamford
541,-122.419,37.7749,Levi Strauss,Apparel,CA,San Francisco
542,-80.8431,35.2271,SPX,Industrial Machinery,NC,Charlotte
543,-87.8445,42.1711,CF Industries Holdings,Chemicals,IL,Deerfield
544,-96.9489,32.814,Michaels Cos.,Specialty Retailers: Other,TX,Irving
545,-78.8784,42.8864,M&T Bank Corp.,Commercial Banks,NY,Buffalo
546,-98.1245,29.703,Rush Enterprises,Automotive Retailing  Services,TX,New Braunfels
547,-81.6944,41.4993,Aleris,Metals,OH,Cleveland
548,-95.4613,30.1658,Nexeo Solutions Holdings,Wholesalers: Diversified,TX,The Woodlands
549,-72.7562,44.3378,Keurig Green Mountain,Beverages,VT,Waterbury
550,-95.3698,29.7604,Superior Energy Services,Oil and Gas Equipment  Services,TX,Houston
551,-122.419,37.7749,Williams-Sonoma,Specialty Retailers: Other,CA,San Francisco
552,-122.182,37.453,Robert Half International,Temporary Help,CA,Menlo Park
553,-121.955,37.3541,Nvidia,Semiconductors and Other Electronic Components,CA,Santa Clara
554,-117.868,33.7456,First American Financial,Insurance: Property and Casualty (Stock),CA,Santa Ana
555,-85.853,41.2381,Zimmer Holdings,Medical Products and Equipment,IN,Warsaw
556,-100.784,46.8083,MDU Resources Group,Energy,ND,Bismarck
557,-122.036,37.3688,Juniper Networks,Network and Other Communications Equipment,CA,Sunnyvale
558,-88.0073,41.975,Arthur J. Gallagher,Diversified Financials,IL,Itasca
559,-76.7941,39.1304,Colfax,Industrial Machinery,MD,Annapolis Junction
560,-81.6944,41.4993,Cliffs Natural Resources,Mining  Crude-Oil Production,OH,Cleveland
561,-122.036,37.3688,Yahoo,Internet Services and Retailing,CA,Sunnyvale
562,-80.2684,25.7215,MasTec,Engineering  Construction,FL,Coral Gables
563,-121.989,37.5483,Lam Research,Semiconductors and Other Electronic Components,CA,Fremont
564,-84.388,33.749,Axiall,Chemicals,GA,Atlanta
565,-84.388,33.749,Intercontinental Exchange,Securities,GA,Atlanta
566,-84.512,39.1031,Cintas,Diversified Outsourcing Services,OH,Cincinnati
567,-74.0059,40.7128,Coty,Household and Personal Products,NY,New York
568,-73.169,40.8043,CA,Computer Software,NY,Islandia
569,-83.6538,41.5628,Andersons,Food Production,OH,Maumee
570,-93.265,44.9778,Valspar,Chemicals,MN,Minneapolis
571,-87.6298,41.8781,Northern Trust,Commercial Banks,IL,Chicago
572,-122.084,37.3861,Intuit,Computer Software,CA,Mountain View
573,-118.457,34.3058,Tutor Perini,Engineering  Construction,CA,Sylmar
574,-93.5825,45.0352,Polaris Industries,Transportation Equipment,MN,Medina
575,-87.8406,42.2586,Hospira,Pharmaceuticals,IL,Lake Forest
576,-71.5126,41.8205,FM Global,Insurance: Property and Casualty (Stock),RI,Johnston
577,-77.357,38.9586,NVR,Homebuilders,VA,Reston
578,-104.988,39.6478,Liberty Media,Entertainment,CO,Englewood
579,-90.1994,38.627,Energizer Holdings,Household and Personal Products,MO,St. Louis
580,-82.4572,27.9506,Bloomin' Brands,Food Services,FL,Tampa
581,-121.955,37.3541,Avaya,Network and Other Communications Equipment,CA,Santa Clara
582,-95.3698,29.7604,Westlake Chemical,Chemicals,TX,Houston
583,-87.6298,41.8781,Hyatt Hotels,Hotels  Casinos  Resorts,IL,Chicago
584,-87.7878,42.0698,Mead Johnson Nutrition,Food Consumer Products,IL,Glenview
585,-118.491,34.0195,Activision Blizzard,Computer Software,CA,Santa Monica
586,-86.8025,33.5207,Protective Life,Insurance: Life  Health (stock),AL,Birmingham
587,-104.951,39.6172,Envision Healthcare Holdings,Health Care: Pharmacy and Other Services,CO,Greenwood Village
588,-87.8445,42.1711,Fortune Brands Home & Security,Home Equipment  Furnishings,IL,Deerfield
589,-81.8552,41.1432,RPM International,Chemicals,OH,Medina
590,-75.3599,40.0462,VWR,Wholesalers: Diversified,PA,Radnor
591,-71.0589,42.3601,LPL Financial Holdings,Securities,MA,Boston
592,-81.6944,41.4993,KeyCorp,Commercial Banks,OH,Cleveland
593,-112.074,33.4484,Swift Transportation,Trucking  Truck Leasing,AZ,Phoenix
594,-82.1888,36.5951,Alpha Natural Resources,Mining  Crude-Oil Production,VA,Bristol
595,-71.3826,41.8787,Hasbro,Toys  Sporting Goods,RI,Pawtucket
596,-80.9112,34.8529,Resolute Forest Products,Forest and Paper Products,SC,Catawba
597,-74.0059,40.7128,Tiffany,Specialty Retailers: Other,NY,New York
598,-76.6458,39.5309,McCormick,Food Consumer Products,MD,Sparks
599,-84.388,33.749,Graphic Packaging Holding,Packaging  Containers,GA,Atlanta
600,-83.068,40.2987,Greif,Packaging  Containers,OH,Delaware
601,-79.9959,40.4406,Allegheny Technologies,Metals,PA,Pittsburgh
602,-93.09,44.9537,Securian Financial Group,Insurance: Life  Health (stock),MN,St. Paul
603,-80.2684,26.6618,B/E Aerospace,Aerospace and Defense,FL,Wellington
604,-77.1773,38.9339,Exelis,Aerospace and Defense,VA,McLean
605,-121.886,37.3382,Adobe Systems,Computer Software,CA,San Jose
606,-104.99,39.7392,Molson Coors Brewing,Beverages,CO,Denver
607,-87.9065,43.0389,Roundy's,Food and Drug Stores,WI,Milwaukee
608,-86.118,39.9784,CNO Financial Group,Insurance: Life  Health (stock),IN,Carmel
609,-95.3698,29.7604,Adams Resources & Energy,Energy,TX,Houston
610,-80.8431,35.2271,Belk,General Merchandisers,NC,Charlotte
611,-104.99,39.7392,Chipotle Mexican Grill,Food Services,CO,Denver
612,-71.0589,42.3601,American Tower,Telecommunications,MA,Boston
613,-75.1652,39.9526,FMC,Chemicals,PA,Philadelphia
614,-87.6298,41.8781,Hillshire Brands,Food Consumer Products,IL,Chicago
615,-74.0059,40.7128,AmTrust Financial Services,Insurance: Property and Casualty (Stock),NY,New York
616,-87.8406,42.2586,Brunswick,Transportation Equipment,IL,Lake Forest
617,-93.09,44.9537,Patterson,Wholesalers: Health Care,MN,St. Paul
618,-95.4172,30.0799,Southwestern Energy,Mining  Crude-Oil Production,TX,Spring
619,-75.4396,40.0458,Ametek,Scientific Photographic and Control Equipment,PA,Berwyn
620,-76.6122,39.2904,T. Rowe Price,Securities,MD,Baltimore
621,-96.6398,33.1972,Torchmark,Insurance: Life  Health (stock),TX,McKinney
622,-96.9489,32.814,Darling Ingredients,Food Production,TX,Irving
623,-94.3102,37.1764,Leggett & Platt,Home Equipment  Furnishings,MO,Carthage
624,-80.1918,25.7617,Watsco,Wholesalers: Diversified,FL,Miami
625,-95.3698,29.7604,Crestwood Equity Partners,Energy,TX,Houston
626,-73.6835,41.0193,Xylem,Industrial Machinery,NY,Rye Brook
627,-73.5387,41.0534,Silgan Holdings,Packaging  Containers,CT,Stamford
628,-75.1285,40.1784,Toll Brothers,Homebuilders,PA,Horsham
629,-87.6576,44.0886,Manitowoc,Construction and Farm Machinery,WI,Manitowoc
630,-77.1773,38.9339,Science Applications International,Information Technology Services,VA,McLean
631,-77.0369,38.9072,Carlyle Group,Securities,DC,Washington
632,-81.4023,40.8759,Timken,Industrial Machinery,OH,North Canton
633,-95.3698,29.7604,Genesis Energy,Pipelines,TX,Houston
634,-95.9928,36.154,WPX Energy,Mining  Crude-Oil Production,OK,Tulsa
635,-117.161,32.7157,CareFusion,Medical Products and Equipment,CA,San Diego
636,-73.5387,41.0534,Pitney Bowes,Computers  Office Equipment,CT,Stamford
637,-82.3212,35.6179,Ingles Markets,Food and Drug Stores,NC,Black Mountain
638,-82.0282,41.5053,PolyOne,Chemicals,OH,Avon Lake
639,-86.7828,36.0331,Brookdale Senior Living,Health Care: Medical Facilities,TN,Brentwood
640,-81.3445,35.7345,CommScope Holding,Network and Other Communications Equipment,NC,Hickory
641,-83.1498,42.6064,Meritor,Motor Vehicles and Parts,MI,Troy
642,-87.9065,43.0389,Joy Global,Construction and Farm Machinery,WI,Milwaukee
643,-118.16,34.0006,Unified Grocers,Wholesalers: Food and Grocery,CA,Commerce
644,-75.4396,40.0458,Triumph Group,Aerospace and Defense,PA,Berwyn
645,-111.926,33.4942,Magellan Health,Health Care: Insurance and Managed Care,AZ,Scottsdale
646,-97.1331,33.2148,Sally Beauty Holdings,Specialty Retailers: Other,TX,Denton
647,-83.9788,30.8366,Flowers Foods,Food Consumer Products,GA,Thomasville
648,-82.8088,40.0812,Abercrombie & Fitch,Specialty Retailers: Apparel,OH,New Albany
649,-74.068,40.1607,New Jersey Resources,Energy,NJ,Wall
650,-91.6664,44.0554,Fastenal,Specialty Retailers: Other,MN,Winona
651,-77.357,38.9586,NII Holdings,Telecommunications,VA,Reston
652,-80.1873,40.2626,Consol Energy,Mining  Crude-Oil Production,PA,Canonsburg
653,-87.6298,41.8781,USG,Building Materials  Glass,IL,Chicago
654,-77.436,37.5407,Brink's,Diversified Outsourcing Services,VA,Richmond
655,-95.9928,36.154,Helmerich & Payne,Oil and Gas Equipment  Services,OK,Tulsa
656,-84.5037,38.0406,Lexmark International,Computer Peripherals,KY,Lexington
657,-83.0458,42.3314,American Axle & Manufacturing,Motor Vehicles and Parts,MI,Detroit
658,-95.3698,29.7604,Crown Castle International,Telecommunications,TX,Houston
659,-95.3698,29.7604,Targa Energy,Pipelines,TX,Houston
660,-95.3698,29.7604,Oceaneering International,Oil and Gas Equipment  Services,TX,Houston
661,-71.0589,42.3601,Cabot,Chemicals,MA,Boston
662,-74.0059,40.7128,CIT Group,Commercial Banks,NY,New York
663,-102.977,41.1448,Cabela's,Specialty Retailers: Other,NE,Sidney
664,-74.0059,40.7128,Forest Laboratories,Pharmaceuticals,NY,New York
665,-104.99,39.7392,DCP Midstream Partners,Pipelines,CO,Denver
666,-87.6298,41.8781,Ryerson Holding,Metals,IL,Chicago
667,-104.99,39.7392,QEP Resources,Mining  Crude-Oil Production,CO,Denver
668,-85.9767,41.682,Thor Industries,Motor Vehicles and Parts,IN,Elkhart
669,-82.64,27.7731,HSN,Specialty Retailers: Other,FL,St. Petersburg
670,-77.1068,38.88,Graham Holdings,Education,VA,Arlington
671,-122.236,37.4852,Electronic Arts,Computer Software,CA,Redwood City
672,-116.215,43.6187,Boise Cascade,Wholesalers: Diversified,ID,Boise
673,-87.9536,41.8398,Hub Group,Transportation and Logistics,IL,Oak Brook
674,-77.1068,38.88,CACI International,Information Technology Services,VA,Arlington
675,-82.5307,27.3364,Roper Technologies,Scientific Photographic and Control Equipment,FL,Sarasota
676,-77.1068,38.88,Towers Watson,Diversified Outsourcing Services,VA,Arlington
677,-118.16,34.0006,Smart & Final Stores,Food and Drug Stores,CA,Commerce
678,-122.419,37.7749,Big Heart Pet Brands,Food Consumer Products,CA,San Francisco
679,-96.7299,32.9483,Fossil Group,Apparel,TX,Richardson
680,-74.0059,40.7128,Nasdaq OMX Group,Securities,NY,New York
681,-88.9937,40.4842,Country Financial,Insurance: Property and Casualty (Mutual),IL,Bloomington
682,-87.8212,42.5847,Snap-on,Industrial Machinery,WI,Kenosha
683,-112.074,33.4484,Pinnacle West Capital,Utilities: Gas and Electric,AZ,Phoenix
684,-104.988,39.6478,EchoStar,Network and Other Communications Equipment,CO,Englewood
685,-73.6982,40.8257,Systemax,Specialty Retailers: Other,NY,Port Washington
686,-104.99,39.7392,WhiteWave Foods,Food Consumer Products,CO,Denver
687,-89.4012,43.0731,CUNA Mutual Group,Insurance: Life  Health (stock),WI,Madison
688,-83.6499,41.0442,Cooper Tire & Rubber,Motor Vehicles and Parts,OH,Findlay
689,-80.1289,26.3683,ADT,Diversified Outsourcing Services,FL,Boca Raton
690,-94.573,39.1429,Cerner,Health Care: Pharmacy and Other Services,MO,North Kansas City
691,-70.7928,42.1615,Clean Harbors,Waste Management,MA,Norwell
692,-111.94,33.4255,First Solar,Energy,AZ,Tempe
693,-96.7299,32.9483,Lennox International,Industrial Machinery,TX,Richardson
694,-97.5164,35.4676,Enable Midstream Partners,Pipelines,OK,Oklahoma City
695,-73.0932,41.3165,Hubbell,Electronics  Electrical Equip.,CT,Shelton
696,-75.2663,40.1523,Unisys,Information Technology Services,PA,Blue Bell
697,-89.4012,43.0731,Alliant Energy,Utilities: Gas and Electric,WI,Madison
698,-83.5552,41.6639,Health Care REIT,Real estate,OH,Toledo
699,-74.0059,40.7128,Moody's,Diversified Financials,NY,New York
700,-74.401,40.6954,C.R. Bard,Medical Products and Equipment,NJ,Murray Hill
701,-75.1652,39.9526,Urban Outfitters,Specialty Retailers: Apparel,PA,Philadelphia
702,-74.7909,40.26,Church & Dwight,Household and Personal Products,NJ,Ewing
703,-79.9959,40.4406,American Eagle Outfitters,Specialty Retailers: Apparel,PA,Pittsburgh
704,-118.244,34.0522,Oaktree Capital Group,Securities,CA,Los Angeles
705,-89.0318,42.5083,Regal Beloit,Electronics  Electrical Equip.,WI,Beloit
706,-95.3698,29.7604,Men's Wearhouse,Specialty Retailers: Apparel,TX,Houston
707,-83.4755,42.4806,Cooper-Standard Holdings,Motor Vehicles and Parts,MI,Novi
708,-76.861,39.2037,W.R. Grace,Chemicals,MD,Columbia
709,-88.0684,41.6986,Ulta Salon Cosmetics & Fragrance,Specialty Retailers: Other,IL,Bolingbrook
710,-157.858,21.3069,Hawaiian Electric Industries,Utilities: Gas and Electric,HI,Honolulu
711,-113.568,37.0965,SkyWest,Airlines,UT,St. George
712,-95.998,41.2524,Green Plains,Energy,NE,Omaha
713,-85.853,41.2381,LVB Acquisition,Medical Products and Equipment,IN,Warsaw
714,-73.1241,40.8064,NBTY,Pharmaceuticals,NY,Ronkonkoma
715,-80.8431,35.2271,Carlisle,Building Materials  Glass,NC,Charlotte
716,-79.145,41.8439,United Refining,Petroleum Refining,PA,Warren
717,-122.143,37.4419,Tesla Motors,Motor Vehicles and Parts,CA,Palo Alto
718,-87.6298,41.8781,Groupon,Internet Services and Retailing,IL,Chicago
719,-81.6557,30.3322,Landstar System,Trucking  Truck Leasing,FL,Jacksonville
720,-95.3698,29.7604,Patterson-UTI Energy,Oil and Gas Equipment  Services,TX,Houston
721,-95.3698,29.7604,EP Energy,Mining  Crude-Oil Production,TX,Houston
722,-112.074,33.4484,ON Semiconductor,Semiconductors and Other Electronic Components,AZ,Phoenix
723,-96.6989,33.0198,Rent-A-Center,Specialty Retailers: Other,TX,Plano
724,-75.3699,40.0416,SunGard Data Systems,Financial Data Services,PA,Wayne
725,-80.1373,26.1224,Citrix Systems,Network and Other Communications Equipment,FL,Fort Lauderdale
726,-111.94,33.4255,Amkor Technology,Semiconductors and Other Electronic Components,AZ,Tempe
727,-95.998,41.2524,TD Ameritrade Holding,Securities,NE,Omaha
728,-82.9988,39.9612,Worthington Industries,Metals,OH,Columbus
729,-95.998,41.2524,Valmont Industries,Construction and Farm Machinery,NE,Omaha
730,-71.0589,42.3601,Iron Mountain,Diversified Outsourcing Services,MA,Boston
731,-122.201,47.6104,Puget Energy,Utilities: Gas and Electric,WA,Bellevue
732,-87.6298,41.8781,CME Group,Securities,IL,Chicago
733,-74.0059,40.7128,IAC/InterActiveCorp,Internet Services and Retailing,NY,New York
734,-95.3698,29.7604,Par Petroleum,Petroleum Refining,TX,Houston
735,-111.926,33.4942,Taylor Morrison Home,Homebuilders,AZ,Scottsdale
736,-80.8431,35.2271,Chiquita Brands International,Food Production,NC,Charlotte
737,-74.0059,40.7128,International Flavors & Fragrances,Chemicals,NY,New York
738,-104.99,39.7392,Whiting Petroleum,Mining  Crude-Oil Production,CO,Denver
739,-76.6122,39.2904,Under Armour,Apparel,MD,Baltimore
740,-87.6298,41.8781,Ventas,Real estate,IL,Chicago
741,-98.4936,29.4241,NuStar Energy,Pipelines,TX,San Antonio
742,-77.0086,40.2143,Select Medical Holdings,Health Care: Medical Facilities,PA,Mechanicsburg
743,-81.4023,40.8759,Diebold,Computers  Office Equipment,OH,North Canton
744,-94.7977,29.3013,American National Insurance,Insurance: Life  Health (stock),TX,Galveston
745,-122.143,37.4419,Varian Medical Systems,Medical Products and Equipment,CA,Palo Alto
746,-112.074,33.4484,Apollo Education Group,Education,AZ,Phoenix
747,-79.81,40.3909,Westinghouse Air Brake Technologies,Industrial Machinery,PA,Wilmerding
748,-121.886,37.3382,SunPower,Energy,CA,San Jose
749,-74.0059,40.7128,Warner Music Group,Entertainment,NY,New York
750,-74.9615,39.8519,American Water Works,zMiscellaneous,NJ,Voorhees
751,-94.5786,39.0997,H&R Block,Diversified Financials,MO,Kansas City
752,-118.244,34.0522,Mercury General,Insurance: Property and Casualty (Stock),CA,Los Angeles
753,-82.4572,27.9506,TECO Energy,Utilities: Gas and Electric,FL,Tampa
754,-95.3698,29.7604,Service Corp. International,zMiscellaneous,TX,Houston
755,-86.8025,33.5207,Vulcan Materials,Building Materials  Glass,AL,Birmingham
756,-85.7585,38.2527,Brown-Forman,Beverages,KY,Louisville
757,-83.9207,35.9606,Regal Entertainment Group,Entertainment,TN,Knoxville
758,-84.5037,38.0406,Tempur Sealy International,Home Equipment  Furnishings,KY,Lexington
759,-85.6681,42.9634,Steelcase,Home Equipment  Furnishings,MI,Grand Rapids
760,-116.215,43.6187,MWI Veterinary Supply,Wholesalers: Diversified,ID,Boise
761,-97.3308,32.7555,RadioShack,Specialty Retailers: Other,TX,Fort Worth
762,-112.074,33.4484,Sprouts Farmers Market,Food and Drug Stores,AZ,Phoenix
763,-97.1342,32.9412,Sabre,Internet Services and Retailing,TX,Southlake
764,-78.6382,35.7796,Martin Marietta Materials,Building Materials  Glass,NC,Raleigh
765,-82.9988,39.9612,Huntington Bancshares,Commercial Banks,OH,Columbus
766,-71.2356,42.3765,Alere,Medical Products and Equipment,MA,Waltham
767,-87.9536,41.8398,TreeHouse Foods,Food Consumer Products,IL,Oak Brook
768,-90.1994,38.627,Arch Coal,Mining  Crude-Oil Production,MO,St. Louis
769,-121.9,37.4323,KLA-Tencor,Semiconductors and Other Electronic Components,CA,Milpitas
770,-73.5387,41.0534,Crane,Industrial Machinery,CT,Stamford
771,-86.8689,35.9251,Iasis Healthcare,Health Care: Medical Facilities,TN,Franklin
772,-80.8431,35.2271,Babcock & Wilcox,Industrial Machinery,NC,Charlotte
773,-76.7277,39.9626,Dentsply International,Medical Products and Equipment,PA,York
774,-87.6298,41.8781,Tribune Media,Entertainment,IL,Chicago
775,-82.394,34.8526,ScanSource,Wholesalers: Electronics and Office Equipment,SC,Greenville
776,-74.0059,40.7128,Univision Communications,Entertainment,NY,New York
777,-96.797,32.7767,Brinker International,Food Services,TX,Dallas
778,-95.3698,29.7604,Exterran Holdings,Oil and Gas Equipment  Services,TX,Houston
779,-84.388,33.749,Carter's,Apparel,GA,Atlanta
780,-71.199,42.1944,Analog Devices,Semiconductors and Other Electronic Components,MA,Norwood
781,-86.7816,36.1627,Genesco,Specialty Retailers: Apparel,TN,Nashville
782,-83.3671,40.2364,Scotts Miracle-Gro,Chemicals,OH,Marysville
783,-84.512,39.1031,Convergys,Diversified Outsourcing Services,OH,Cincinnati
784,-84.3007,34.1322,Exide Technologies,Motor Vehicles and Parts,GA,Milton
785,-83.1499,42.6584,WABCO Holdings,Motor Vehicles and Parts,MI,Rochester Hills
786,-79.3795,40.3212,Kennametal,Industrial Machinery,PA,Latrobe
787,-119.814,39.5296,Amerco,Trucking  Truck Leasing,NV,Reno
788,-76.7277,39.9626,Bon-Ton Stores,General Merchandisers,PA,York
789,-83.9207,35.9606,Team Health Holdings,Health Care: Pharmacy and Other Services,TN,Knoxville
790,-73.8587,41.0762,Regeneron Pharmaceuticals,Pharmaceuticals,NY,Tarrytown
791,-87.5711,37.9716,Springleaf Holdings,Diversified Financials,IN,Evansville
792,-81.6944,41.4993,Lincoln Electric Holdings,Industrial Machinery,OH,Cleveland
793,-95.3698,29.7604,Dresser-Rand Group,Industrial Machinery,TX,Houston
794,-95.998,41.2524,West,Diversified Outsourcing Services,NE,Omaha
795,-95.4319,29.1694,Benchmark Electronics,Semiconductors and Other Electronic Components,TX,Angleton
796,-73.6982,40.8257,Pall,Industrial Machinery,NY,Port Washington
797,-80.082,35.8826,Old Dominion Freight Line,Trucking  Truck Leasing,NC,Thomasville
798,-73.4151,40.7934,MSC Industrial Direct,Wholesalers: Diversified,NY,Melville
799,-89.5746,44.5236,Sentry Insurance Group,Insurance: Property and Casualty (Mutual),WI,Stevens Point
800,-90.1994,38.627,Sigma-Aldrich,Chemicals,MO,St. Louis
801,-77.0369,38.9072,WGL Holdings,Energy,DC,Washington
802,-76.7944,40.8626,Weis Markets,Food and Drug Stores,PA,Sunbury
803,-89.1306,31.6941,Sanderson Farms,Food Production,MS,Laurel
804,-122.676,45.5231,StanCorp Financial Group,Insurance: Life  Health (stock),OR,Portland
805,-81.6944,41.4993,Hyster-Yale Materials Handling,Industrial Machinery,OH,Cleveland
806,-85.56,43.12,Wolverine World Wide,Apparel,MI,Rockford
807,-94.5786,39.0997,DST Systems,Financial Data Services,MO,Kansas City
808,-76.6122,39.2904,Legg Mason,Securities,MD,Baltimore
809,-84.1916,39.7589,Teradata,Computer Software,OH,Dayton
810,-84.388,33.749,Aaron's,Specialty Retailers: Other,GA,Atlanta
811,-104.99,39.7392,Antero Resources,Mining  Crude-Oil Production,CO,Denver
812,-83.4702,42.3714,Metaldyne Performance Group,Motor Vehicles and Parts,MI,Plymouth
813,-97.3308,32.7555,Range Resources,Mining  Crude-Oil Production,TX,Fort Worth
814,-74.0059,40.7128,Vornado Realty Trust,Real estate,NY,New York
815,-115.14,36.1699,Boyd Gaming,Hotels  Casinos  Resorts,NV,Las Vegas
816,-74.6672,40.3573,Covance,Health Care: Pharmacy and Other Services,NJ,Princeton
817,-76.3055,40.0379,Armstrong World Industries,Building Materials  Glass,PA,Lancaster
818,-86.2911,36.2081,Cracker Barrel Old Country Store,Food Services,TN,Lebanon
819,-81.8723,26.6406,Chico's FAS,Specialty Retailers: Apparel,FL,Fort Myers
820,-83.9207,35.9606,Scripps Networks Interactive,Entertainment,TN,Knoxville
821,-85.6681,42.9634,Universal Forest Products,Forest and Paper Products,MI,Grand Rapids
822,-102.078,31.9973,Concho Resources,Mining  Crude-Oil Production,TX,Midland
823,-73.7629,41.034,ITT,Industrial Machinery,NY,White Plains
824,-95.3698,29.7604,HCC Insurance Holdings,Insurance: Property and Casualty (Stock),TX,Houston
825,-78.6134,42.7678,Moog,Aerospace and Defense,NY,East Aurora
826,-73.454,41.3948,IMS Health Holdings,Health Care: Pharmacy and Other Services,CT,Danbury
827,-96.6989,33.0198,Cinemark Holdings,Entertainment,TX,Plano
828,-96.797,32.7767,Comerica,Commercial Banks,TX,Dallas
829,-87.6298,41.8781,Equity Residential,Real estate,IL,Chicago
830,-118.807,34.1466,Ryland Group,Homebuilders,CA,Westlake Village
831,-79.9959,40.4406,GNC Holdings,Food and Drug Stores,PA,Pittsburgh
832,-94.3985,35.3859,ArcBest,Trucking  Truck Leasing,AR,Fort Smith
833,-87.5711,37.9716,Vectren,Utilities: Gas and Electric,IN,Evansville
834,-80.8431,35.2271,Curtiss-Wright,Aerospace and Defense,NC,Charlotte
835,-81.3792,28.5383,Tupperware Brands,Household and Personal Products,FL,Orlando
836,-95.689,39.0558,Westar Energy,Utilities: Gas and Electric,KS,Topeka
837,-91.1403,30.4583,Albemarle,Chemicals,LA,Baton Rouge
838,-88.3162,42.2411,AptarGroup,Packaging  Containers,IL,Crystal Lake
839,-74.4174,40.8653,Pinnacle Foods,Food Consumer Products,NJ,Parsippany
840,-75.9652,40.3295,Penn National Gaming,Hotels  Casinos  Resorts,PA,Wyomissing
841,-74.0059,40.7128,J.Crew Group,Specialty Retailers: Apparel,NY,New York
842,-84.2963,39.247,Vantiv,Financial Data Services,OH,Symmes Township
843,-94.5786,39.0997,Kansas City Southern,Railroads,MO,Kansas City
844,-90.1994,38.627,Caleres,Specialty Retailers: Apparel,MO,St. Louis
845,-111.659,40.2338,Nu Skin Enterprises,Household and Personal Products,UT,Provo
846,-94.5786,39.0997,Great Plains Energy,Utilities: Gas and Electric,MO,Kansas City
847,-95.3698,29.7604,Kirby,zMiscellaneous,TX,Houston
848,-87.6298,41.8781,General Growth Properties,Real estate,IL,Chicago
849,-73.7176,40.7707,Broadridge Financial Solutions,Financial Data Services,NY,Lake Success
850,-87.8406,42.2586,Stericycle,Waste Management,IL,Lake Forest
851,-84.388,33.749,Global Payments,Financial Data Services,GA,Atlanta
852,-71.4128,41.824,Nortek,Industrial Machinery,RI,Providence
853,-122.676,45.5231,Schnitzer Steel Industries,Metals,OR,Portland
854,-77.436,37.5407,Universal,Tobacco,VA,Richmond
855,-74.0059,40.7128,ANN,Specialty Retailers: Apparel,NY,New York
856,-71.276,42.4906,Hologic,Medical Products and Equipment,MA,Bedford
857,-90.1994,38.627,Panera Bread,Food Services,MO,St. Louis
858,-74.0059,40.7128,AOL,Internet Services and Retailing,NY,New York
859,-104.99,39.7392,SM Energy,Mining  Crude-Oil Production,CO,Denver
860,-77.6109,43.161,Paychex,Diversified Outsourcing Services,NY,Rochester
861,-117.161,32.7157,PriceSmart,Specialty Retailers: Other,CA,San Diego
862,-122.531,37.9735,Autodesk,Computer Software,CA,San Rafael
863,-70.8262,42.5591,Affiliated Managers Group,Securities,MA,Prides Crossing
864,-78.7378,42.9639,Tops Holding,Food and Drug Stores,NY,Williamsville
865,-95.3698,29.7604,Dynegy,Energy,TX,Houston
866,-82.9988,39.9612,DSW,Specialty Retailers: Apparel,OH,Columbus
867,-75.5138,40.0362,Vishay Intertechnology,Semiconductors and Other Electronic Components,PA,Malvern
868,-82.9988,39.9612,Mettler-Toledo International,Scientific Photographic and Control Equipment,OH,Columbus
869,-90.4298,38.7131,SunEdison,Semiconductors and Other Electronic Components,MO,Maryland Heights
870,-118.145,34.1478,Tetra Tech,Engineering  Construction,CA,Pasadena
871,-73.6812,42.7926,Momentive Performance Materials,Chemicals,NY,Waterford
872,-75.9269,40.3356,EnerSys,Electronics  Electrical Equip.,PA,Reading
873,-93.265,44.9778,Donaldson,Industrial Machinery,MN,Minneapolis
874,-79.9959,40.4406,EQT,Energy,PA,Pittsburgh
875,-117.566,33.8753,Monster Beverage,Beverages,CA,Corona
876,-71.4948,42.8679,PC Connection,Specialty Retailers: Other,NH,Merrimack
877,-84.9877,32.461,Total System Services,Financial Data Services,GA,Columbus
878,-90.049,35.1495,ServiceMaster Global Holdings,Diversified Outsourcing Services,TN,Memphis
879,-81.6944,41.4993,Medical Mutual of Ohio,Insurance: Life  Health (Mutual),OH,Cleveland
880,-81.6944,41.4993,Applied Industrial Technologies,Wholesalers: Diversified,OH,Cleveland
881,-121.886,37.3382,Maxim Integrated Products,Semiconductors and Other Electronic Components,CA,San Jose
882,-97.5164,35.4676,OGE Energy,Utilities: Gas and Electric,OK,Oklahoma City
883,-81.6098,41.1278,A. Schulman,Chemicals,OH,Fairlawn
884,-122.236,37.4852,Equinix,Telecommunications,CA,Redwood City
885,-80.2566,26.167,Mednax,Health Care: Pharmacy and Other Services,FL,Sunrise
886,-84.388,33.749,Equifax,Financial Data Services,GA,Atlanta
887,-117.795,33.6839,Standard Pacific,Homebuilders,CA,Irvine
888,-96.6989,33.0198,Denbury Resources,Mining  Crude-Oil Production,TX,Plano
889,-104.99,39.7392,Cimarex Energy,Mining  Crude-Oil Production,CO,Denver
890,-74.0059,40.7128,Mutual of America Life Insurance,Insurance: Life  Health (Mutual),NY,New York
891,-118.244,34.0522,Guess,Apparel,CA,Los Angeles
892,-90.1994,38.627,Post Holdings,Food Consumer Products,MO,St. Louis
893,-86.8025,33.5207,HealthSouth,Health Care: Medical Facilities,AL,Birmingham
894,-94.6708,38.9822,Ferrellgas Partners,Energy,KS,Overland Park
895,-118.244,34.0522,KB Home,Homebuilders,CA,Los Angeles
896,-71.0589,42.3601,Boston Properties,Real estate,MA,Boston
897,-122.036,37.3688,Trimble Navigation,Scientific Photographic and Control Equipment,CA,Sunnyvale
898,-118.838,34.1706,Teledyne Technologies,Scientific Photographic and Control Equipment,CA,Thousand Oaks
899,-84.388,33.749,Acuity Brands,Electronics  Electrical Equip.,GA,Atlanta
900,-118.411,33.8847,Skechers U.S.A.,Apparel,CA,Manhattan Beach
901,-121.886,37.3382,Xilinx,Semiconductors and Other Electronic Components,CA,San Jose
902,-88.4626,44.1858,Plexus,Semiconductors and Other Electronic Components,WI,Neenah
903,-95.4613,30.1658,Newfield Exploration,Mining  Crude-Oil Production,TX,The Woodlands
904,-81.6944,41.4993,TransDigm Group,Aerospace and Defense,OH,Cleveland
905,-86.118,39.9784,Kar Auction Services,Wholesalers: Diversified,IN,Carmel
906,-90.049,35.1495,Mueller Industries,Industrial Machinery,TN,Memphis
907,-111.891,40.7608,Zions Bancorp.,Commercial Banks,UT,Salt Lake City
908,-95.1903,30.0575,Insperity,Diversified Outsourcing Services,TX,Kingwood
909,-73.6282,41.0262,XPO Logistics,Transportation and Logistics,CT,Greenwich
910,-88.1227,42.063,Sears Hometown & Outlet Stores,Specialty Retailers: Other,IL,Hoffman Estates
911,-87.9065,43.0389,A.O. Smith,Electronics  Electrical Equip.,WI,Milwaukee
912,-78.8256,35.8235,Alliance One International,Tobacco,NC,Morrisville
913,-74.0059,40.7128,Take-Two Interactive Software,Computer Software,NY,New York
914,-86.1581,39.7684,hhgregg,Specialty Retailers: Other,IN,Indianapolis
915,-84.388,33.749,RPC,Oil and Gas Equipment  Services,GA,Atlanta
916,-77.436,37.5407,NewMarket,Chemicals,VA,Richmond
917,-77.3861,38.9696,Beacon Roofing Supply,Wholesalers: Diversified,VA,Herndon
918,-117.795,33.6839,Edwards Lifesciences,Medical Products and Equipment,CA,Irvine
919,-66.1057,18.4663,Triple-S Management,Health Care: Insurance and Managed Care,PR,San Juan
920,-157.858,21.3069,Hawaiian Holdings,Airlines,HI,Honolulu
921,-74.6672,40.3573,Heartland Payment Systems,Financial Data Services,NJ,Princeton
922,-90.1994,38.627,Belden,Electronics  Electrical Equip.,MO,St. Louis
923,-95.9928,36.154,Magellan Midstream Partners,Pipelines,OK,Tulsa
924,-122.201,47.6104,Outerwall,Specialty Retailers: Other,WA,Bellevue
925,-87.829,42.1275,KapStone Paper & Packaging,Packaging  Containers,IL,Northbrook
926,-95.9928,36.154,Alliance Holdings,Mining  Crude-Oil Production,OK,Tulsa
927,-71.1523,42.4793,Skyworks Solutions,Semiconductors and Other Electronic Components,MA,Woburn
928,-76.723,39.19,Ciena,Network and Other Communications Equipment,MD,Hanover
929,-121.757,36.9102,Granite Construction,Engineering  Construction,CA,Watsonville
930,-79.9959,40.4406,Education Management,Education,PA,Pittsburgh
931,-73.8201,41.0551,Party City Holdings,Specialty Retailers: Other,NY,Elmsford
932,-117.795,33.6839,HCP,Real estate,CA,Irvine
933,-71.2356,42.3765,Parexel International,Health Care: Pharmacy and Other Services,MA,Waltham
934,-77.1773,38.9339,Delta Tucker Holdings,Aerospace and Defense,VA,McLean
935,-115.14,36.1699,Pinnacle Entertainment,Hotels  Casinos  Resorts,NV,Las Vegas
936,-90.1994,38.627,Stifel Financial,Securities,MO,St. Louis
937,-90.1009,30.4755,Pool,Wholesalers: Diversified,LA,Covington
938,-90.3237,38.6426,Olin,Chemicals,MO,Clayton
939,-72.9279,41.3083,Knights of Columbus,Insurance: Life  Health (Mutual),CT,New Haven
940,-71.2356,42.3765,PerkinElmer,Scientific Photographic and Control Equipment,MA,Waltham
941,-72.9106,41.5084,Alexion Pharmaceuticals,Pharmaceuticals,CT,Cheshire
942,-104.988,39.6478,IHS,Financial Data Services,CO,Englewood
943,-95.3698,29.7604,Oil States International,Oil and Gas Equipment  Services,TX,Houston
944,-91.0432,41.4245,HNI,Home Equipment  Furnishings,IA,Muscatine
945,-122.084,37.3861,LinkedIn,Internet Services and Retailing,CA,Mountain View
946,-83.6875,43.0125,Diplomat Pharmacy,Food and Drug Stores,MI,Flint
947,-121.886,37.3382,Brocade Communications Systems,Network and Other Communications Equipment,CA,San Jose
948,-122.671,45.4207,Greenbrier Cos.,Transportation Equipment,OR,Lake Oswego
949,-74.0059,40.7128,AMC Networks,Entertainment,NY,New York
950,-87.6298,41.8781,Kemper,Insurance: Property and Casualty (Stock),IL,Chicago
951,-84.388,33.749,Ocwen Financial,Diversified Financials,GA,Atlanta
952,-118.255,34.1425,Public Storage,zMiscellaneous,CA,Glendale
953,-122.156,37.7249,TriNet Group,Diversified Outsourcing Services,CA,San Leandro
954,-75.1652,39.9526,Chemtura,Chemicals,PA,Philadelphia
955,-122.201,47.6104,Symetra Financial,Insurance: Life  Health (stock),WA,Bellevue
956,-83.3527,42.3684,Tower International,Motor Vehicles and Parts,MI,Livonia
957,-111.926,33.4942,Meritage Homes,Homebuilders,AZ,Scottsdale
958,-104.99,39.7392,MarkWest Energy Partners,Pipelines,CO,Denver
959,-122.289,38.0171,Bio-Rad Laboratories,Medical Products and Equipment,CA,Hercules
960,-122.444,47.2529,TrueBlue,Temporary Help,WA,Tacoma
961,-95.3698,29.7604,Cabot Oil & Gas,Mining  Crude-Oil Production,TX,Houston
962,-75.9652,40.3295,Carpenter Technology,Metals,PA,Wyomissing
963,-93.2983,44.8408,Toro,Construction and Farm Machinery,MN,Bloomington
964,-93.7113,41.5772,American Equity Investment Life Holding,Insurance: Life  Health (stock),IA,West Des Moines
965,-82.9988,39.9612,Express,Specialty Retailers: Apparel,OH,Columbus
966,-77.6109,43.161,Eastman Kodak,Scientific Photographic and Control Equipment,NY,Rochester
967,-73.7176,40.7707,Hain Celestial Group,Food Consumer Products,NY,Lake Success
968,-97.015,32.9546,Nationstar Mortgage Holdings,Diversified Financials,TX,Coppell
969,-87.8406,42.2586,IDEX,Industrial Machinery,IL,Lake Forest
970,-66.0602,18.4294,Popular,Commercial Banks,PR,Hato Rey
971,-95.998,41.2524,Werner Enterprises,Trucking  Truck Leasing,NE,Omaha
972,-122.201,47.6104,Esterline Technologies,Aerospace and Defense,WA,Bellevue
973,-122.036,37.3688,Intuitive Surgical,Medical Products and Equipment,CA,Sunnyvale
974,-86.1581,39.7684,Allison Transmission Holdings,Motor Vehicles and Parts,IN,Indianaoplis
975,-95.9928,36.154,SemGroup,Pipelines,OK,Tulsa
976,-115.14,36.1699,Southwest Gas,Utilities: Gas and Electric,NV,Las Vegas
977,-74.0059,40.7128,G-III Apparel Group,Apparel,NY,New York
978,-78.7378,42.9639,National Fuel Gas,Utilities: Gas and Electric,NY,Williamsville
979,-93.09,44.9537,H.B. Fuller,Chemicals,MN,St. Paul
980,-75.1285,40.1784,Penn Mutual Life Insurance,Insurance: Life  Health (stock),PA,Horsham
981,-74.0059,40.7128,RCS Capital,Securities,NY,New York
982,-122.676,45.5231,Columbia Sportswear,Apparel,OR,Portland
983,-71.4418,41.911,Amica Mutual Insurance,Insurance: Property and Casualty (Mutual),RI,Lincoln
984,-96.797,32.7767,Primoris Services,Engineering  Construction,TX,Dallas
985,-86.8025,33.5207,Energen,Mining  Crude-Oil Production,AL,Birmingham
986,-87.9065,43.0389,Rexnord,Industrial Machinery,WI,Milwaukee
987,-97.5164,35.4676,Seventy Seven Energy,Oil and Gas Equipment  Services,OK,Oklahoma City
988,-95.4613,30.1658,Waste Connections,Waste Management,TX,The Woodlands
989,-75.1652,39.9526,Pep Boys,Specialty Retailers: Other,PA,Philadelphia
990,-76.92,40.2398,Harsco,Metals,PA,Camp Hill
991,-74.0643,40.3471,Hovnanian Enterprises,Homebuilders,NJ,Red Bank
992,-95.3698,29.7604,Willbros Group,Oil and Gas Equipment  Services,TX,Houston
993,-83.1141,40.0992,Wendy's,Food Services,OH,Dublin
994,-115.14,36.1699,International Game Technology,Industrial Machinery,NV,Las Vegas
995,-122.084,37.3861,Synopsys,Computer Software,CA,Mountain View
996,-73.7629,41.034,Universal American,Health Care: Insurance and Managed Care,NY,White Plains
997,-87.979,41.9634,AAR,Aerospace and Defense,IL,Wood Dale
998,-74.7524,41.1465,Selective Insurance Group,Insurance: Property and Casualty (Stock),NJ,Branchville
999,-73.5387,41.0534,Gartner,Information Technology Services,CT,Stamford
1000,-74.0059,40.7128,E*Trade Financial,Securities,NY,New York
